gid,co_cep,uf,cidade,no_fantasia,no_bairro,nu_endereco,no_logradouro,nu_telefone,ano_upa_func,mes_upa_func,fonte_recurso,porte
"6914624","","PR","Castro","UNIDADE DE PRONTO ATENDIMENTO MOACIR ELIAS FADEL","RIO BRANCO","S/N","PROLONGAMENTO DA RUA ANTONIO MENARIM","42-2122-5607","2016","6","MS","2"
"6950051","","SP","Mauá","UPA MAGINI CENTRO","VILA MAGINI","3890","AVENIDA WASHINGTON LUIS","(11)4518-1988","2016","6","MS","2"
"6976794","45980-000","SP","Diadema","UPA JARDIM PAINEIRAS","JARDIM PAINEIRAS","635","RUA JAVARI","40915467","2016","6","MS","2"
"7304188","","GO","Goiânia","UPA DR JOAO BATISTA DE SOUSA JUNIOR","RESIDENCIAL ITAIPU","S/N","AVENIDA RIO VERMELHO","062 - 32884522","2016","6","MS","3"
"7097794","57200-000","AL","Penedo","UPA II ANTONIO DE JESUS","SANTA LUZIA","S/N","RUA EUTIQUIO LOPES","","2016","6","MS","2"
"7047517","09132-150","SP","Santo André","UPA JARDIM SANTO ANDRE","JARDIM SANTO ANDRE","396","RUA TOM JOBIM","(11)44224560","2016","6","MS","3"
"6635172","","RJ","Rio Bonito","UNIDADE DE PRONTO ATENDIMENTO UPA RIO BONITO","PRACA CRUZEIRO","S/N","RODOVIA BR 101","2127349818","2016","6","MS","3"
"6999506","","CE","Fortaleza","UNIDADE PRONTO ATENDIMENTO AUTRAN NUNES","AUTRAN NUNES","S/N","AV FERNANDES TAVORA","85 32906724","2016","6","MS","2"
"6646034","26041-271","RJ","Nova Iguaçu","SES RJ UPA 24H NOVA IGUACU II","TRES CORACOES","S/N","ESTRADA DE ADRIANOPOLIS","26572908","2016","6","MS","3"
"7065507","24800-000","RJ","Itaboraí","SES RJ UPA 24H ITABORAI","MANILHA","S/N","RODOVIA BR 493","26359511","2016","6","MS","3"
"6885284","","SP","Guarujá","UPA ENSEADA PAULO FLAVIO AFONSO PIASENTI GUARUJA","ENSEADA","S/N","AVENIDA D PEDRO I","33513661","2016","6","MS","2"
"6703437","","PE","Recife","UPA NOVA DESCOBERTA","BREJO DA GUABIRABA","S/N","AVENIDA VEREADOR OTACILIO DE AZEVEDO","","2016","6","MS","3"
"6995160","40411-900","BA","Salvador","UPA DE ROMA","ROMA","1153","R BARAO DE COTEGIPE","(71) 3316-8600","2016","6","SESSMS","3"
"7037112","86066-000","PR","Londrina","UPA SABARA","NOVO SABARA","2390","AV ARTHUR THOMAS","43 3372 3900","2016","6","MS","3"
"7065299","","GO","Ceres","UPA II DR JAIR DINOAH DE ARAUJO","CENTRO","1425","AV BERNARDO SAYAO","","2016","6","MS","2"
"7148984","44695-000","BA","Capim Grosso","UPA UNIDADE DE PRONTO ATENDIMENTO CAPIM GROSSO","NOVO OESTE","S/N","AV JOAO DAMASCENDO","36511509","2016","6","MS","1"
"6716911","20211-030","RJ","Rio de Janeiro","SMS COORD DE EMERGENCIA REGIONAL CER CENTRO AP 10","CENTRO","50","RUA FREI CANECA","2125071311","2016","6","MS","3"
"7076886","35.460-000","MG","Brumadinho","UPA VALDEMAR DE ASSIS BARCELOS","KM30","30","MG 040","","2016","6","MS","1"
"6037569","21610-330","RJ","Rio de Janeiro","SES RJ UPA 24H MARECHAL HERMES","MAL HERMES","S/N","RUA XAVIER CURADO","30165844","2016","6","SESSMS","3"
"6992552","17605-400","SP","Tupã","UNIDADE DE PRONTO ATENDIMENTO UPA TUPA","VILA INDEPENDENCIA","55","RUA COMERCIANTE JOSE DA MOTA","(14) 3441-4292","2016","6","MS","2"
"5989442","88065-000","SC","Florianópolis","UNIDADE DE PRONTO ATENDIMENTO UPA SUL DA ILHA","RIO TAVARES","682","RODOVIA FRANCISCO MAGNO VIEIRA SC 405","(48) 32391701","2016","6","SESSMS","3"
"2115786","32400-000","MG","Ibirité","UNIDADE MUNICIPAL DE PRONTO ATENDIMENTO DE IBIRITE","MACAUBAS","S/N","RUA NELSON PINHEIRO","(31)35336110","2016","6","SESSMS","2"
"7093284","","MG","Uberaba","UNIDADE PRONTO ATENDIMENTO DR HUMBERTO FERREIRA UPA MIRANTE","PARQUE DO MIRANTE","534","AV LEOPOLDINO DE OLIVEIRA","","2016","6","MS","3"
"5874998","13100-000","SP","Campinas","UNIDADE DE PRONTO ATENDIMENTO DR SERGIO AROUCA CAMPO GRANDE","CAMPO GRANDE","280","R DIRCE DE OLIVEIRA SANTOS","32218505","2016","6","SESSMS","3"
"7126484","15700-202","SP","Jales","UNIDADE DE PRONTO ATENDIMENTO DE JALES","JD SAMAMBAIA","2373","RUA SEBASTIAO MARTINS","17-3632-8765","2016","6","MS","1"
"7278888","670000-000","PA","Ananindeua","UNIDADE DE PRONTO ATENDIMENTO UPA II","ICUI GUAJARA","S/N","ESTRADA DO ICUI GUAJARA","","2016","6","MS","2"
"6847587","","MA","São Luís","UPA ARACAGY","ARACAGY","S/N","AV CONSELHEIRO HILTON RODRIGUES","","2016","6","MS","3"
"3827836","","PR","Curitiba","UPA PINHEIRINHO","CAPAO RASO","S/N","RUA LEON NICOLAS","041 32121470","2016","6","SESSMS","2"
"6613136","","PR","Foz do Iguaçu","UNIDADE DE PRONTO ATENDIMENTO JOAO SAMEK","JARDIM PALMEIRA","S/N","RUA IACANGA ESQUINA COM AVENIDA AMERICO SASDELI","45-3521-9500","2016","6","MS","3"
"6893295","","CE","Maranguape","UPA 24HS MARANGUAPE","NOVO MARANGUAPE","0000000","RODOVIA SENADOR ALMIR PINTO","08533415088","2016","6","MS","2"
"2164817","38022-000","MG","Uberaba","UPA UNIDADE DE PRONTO ATENDIMENTO SAO BENEDITO","SAO BENEDITO","1030","R MAJOR EUSTAQUIO","(34)33332900","2016","6","SESSMS","3"
"2033623","13574-140","SP","São Carlos","UNIDADE DE PRONTO ATENDIMENTO UPA","VILA PRADO","229","AVENIDA GRECIA","16-33712100","2016","6","SESSMS","1"
"7103840","44900-000","BA","Irecê","UPA 24 HORAS ROSA MARIA OLIVEIRA BASTOS","ASA SUL","130","RUA RIO SOLIMOES","","2016","6","MS","1"
"6598544","23570-000","RJ","Rio de Janeiro","SMS UPA 24 H JOAO XXIII AP 53","SANTA CRUZ","S/N","AV JOAO XXIII","24165719/31575411","2016","6","MS","3"
"6629385","23810-302","RJ","Itaguaí","UNIDADE DE PRONTO ATENDIMENTO UPA ITAGUAI","CHAPERO","00","RUA PROFESSOR AMAURI LIMA BENEDITO","26879794","2016","6","MS","3"
"6844596","","SP","São Bernardo do Campo","UPA BAETA NEVES","BAETA NEVES","933","RUA DOS VIANAS","4125-2100/4125-9139","2016","6","MS","1"
"6926177","23535-808","RJ","Rio de Janeiro","SMS UPA 24 H SEPETIBA AP 53","SEPETIBA","S/N","RUA RAFAEL FERREIRA","","2016","6","SESSMS","2"
"6463487","36070-060","MG","Juiz de Fora","UPA SANTA LUZIA","SANTA LUZIA","1130","RUA IBITIGUAIA","(32)2102-0898","2016","6","SESSMS","3"
"7070640","87035-260","PR","Maringá","UNIDADE DE PRONTO ATENDIMENTO UPA ZONA NORTE","JARDIM ALVORADA","S/N","AV SOPHIA RASGULAEFF X R HIPOCRATESX R ANA NERI","","2016","6","MS","2"
"2126133","32381-778","MG","Betim","UPA JOSE SABINO NETO TERESOPOLIS","JARDIM TERESOPOLIS","154","AVENIDA BELO HORIZONTE","(31)3597.8273/8270","2016","6","SESSMS","3"
"6598722","","RJ","Cabo Frio","UNIDADE DE PRONTO ATENDIMENTO UPA","PARQUE BURLE","10","AV VITOR ROCHA","2226489679","2016","6","MS","3"
"6211496","44470-000","BA","Vera Cruz","UNIDADE DE PRONTO ATENDIMENTO DE VERA CRUZ","MAR GRANDE","S/N","AVENIDA JUVENAL JOAO VINAGRE","7136333305","2016","6","SESSMS","2"
"7090064","13257-570","SP","Itatiba","UPA UNIDADE DE PRONTO ATENDIMENTO 24HS DE ITATIBA","PQ EMPRESARIAL","S/N","RUA BENEDITA CARRA CORRADINE","","2016","6","MS","1"
"7030878","09624-070","SP","São Bernardo do Campo","UPA RUDGE RAMOS","RUDGE RAMOS","256","RUA ANGELA TOME","4368-1222","2016","6","MS","2"
"7096518","85550-000","PR","Coronel Vivida","UPA I UNIDADE DE PRONTO ATENDIMENTO DE CORONEL VIVIDA","CENTRO","154","RUA ROMARIO MARTINS","","2016","6","MS","1"
"7108648","17052-170","SP","Bauru","UPA IPIRANGA","VILA NIPONICA","11","RUA JOSE MIGUEL","3106-1121","2016","6","MS","1"
"7021461","09061-260","SP","Santo André","UPA SACADURA CABRAL","SACADURA CABRAL","354","RUA LAURO MULLER","(11)44211224","2016","6","MS","1"
"6992021","65665000","MA","São João dos Patos","UPA SAO JOAO DOS PATOS","SANTIAGO","01","RUA SAO JORGE","","2016","6","MS","1"
"6870805","","MA","Coroatá","UPA COROATA","CENTRO","S/N","AVENIDA DA BANDEIRA","","2016","6","MS","2"
"7068824","","SP","Cajamar","UPA UNIDADE DE PRONTO ATENDIMENTO","JORDANESIA","253","RUA ALFREDO DELL VIGNA","(11)44474058","2016","6","MS","1"
"6607667","","SP","São Bernardo do Campo","UPA UNIAO ALVARENGA","ALVARENGA","5779","ESTRADA DOS ALVARENGA","11 4129-2744","2016","6","MS","2"
"5955661","20520-054","RJ","Rio de Janeiro","SES RJ UPA 24H TIJUCA","TIJUCA","S/N","RUA CONDE DE BONFIM","23341921","2016","6","SESSMS","3"
"6629954","24744-560","RJ","São Gonçalo","SES RJ UPA 24H SAO GONCALO I","COLUMBANDE","S/N","RODOVIA AMARAL PEIXOTO","27017397","2016","6","MS","3"
"7065485","26.584-001","RJ","Mesquita","SES RJ UPA 24H MESQUITA","EDSON PASSOS","S/N","AVENIDA PRESIDENTE COSTA E SILVA","37632426","2016","6","MS","3"
"6855881","","PE","Caruaru","UPA VASSOURAL","VASSOURAL","00","RUA LUIZ GONZAGA","37011504","2016","6","SESSMS","2"
"7084307","68.696-000","PA","Tucuruí","UPA 24HS TUCURUI EROSTACIO CORREA FILOCREAO IOIO","SANTA MONICA","S/N","RUA PEDRO VIGIA","94 3787 3289","2016","6","MS","2"
"7077971","","CE","Caucaia","UNIDADE DE PRONTO ATENDIMENTO DE CAUCAIA","CENTRO","S/N","GERONIMO AMARAL","988001515","2016","6","MS","3"
"4042751","37900-048","MG","Passos","UNIDADE DE PRONTO ATENDIMENTO UPA","SANTA LUZIA","1629","RUA BARAO DE PASSOS","(35)3522 7171","2016","6","SESSMS","3"
"23310","30130-007","MG","Belo Horizonte","UNIDADE DE PRONTO ATENDIMENTO OESTE","JARDIM AMERICA","1710","AV BARAO HOMEM DE MELO","32776855","2016","6","SESSMS","3"
"7372523","","CE","Pentecoste","UPA DE PENTECOSTE","SAO FRANCISCO","14","RUA GONSALO SALES PESSOA","85 33522619","2016","6","MS","1"
"6272320","27210-240","RJ","Volta Redonda","UPA 24 HS VOLTA REDONDA","STO AGOSTINHO","660","RUA MIL E DEZESSETE","2433384501","2016","6","SESSMS","3"
"7040792","15400000","SP","Olímpia","UNIDADE DE PRONTO ATENDIMENTO DE OLIMPIA","CENTRO","288","AVENIDA WALDEMAR LOPES FERRAZ","","2016","6","MS","1"
"6899919","26540-005","RJ","Nilópolis","UPA NILOPOLIS","CENTRO","111","RUA ZEZINHO","2137629182","2016","6","MS","3"
"6708714","72322-700","DF","Brasília","UPA TIPO III SAMAMBAIA","SUL","09","QS 107 CONJUNTO 04 AE","61-35508739","2016","6","MS","3"
"6507557","725000-000","PE","São Lourenço da Mata","UPA SAO LOURENCO DA MATA","PIXETE","2009","AVENIDA DR FRANCISCO CORREIA","8131844378","2016","6","MS","3"
"6210902","31150-000","MG","Belo Horizonte","UNIDADE DE PRONTO ATENDIMENTO CENTRO SUL","SANTA EFIGENIA","488","RUA DOMINGOS VIEIRA","32385900","2016","6","SESSMS","3"
"6986609","","PR","Maringá","UNIDADE DE PRONTO ATENDIMENTO UPA ZONA SUL","JARDIM IPANEMA","865","AVENIDA NILDO RIBEIRO DA ROCHA","32214812","2016","6","MS","3"
"6575900","22763-011","RJ","Rio de Janeiro","SMS UPA 24H CIDADE DE DEUS AP 40","CIDADES DE DEUS","S/N","RUA EDGAR WERNECK","21 22323173","2016","6","MS","3"
"6037550","21910-296","RJ","Rio de Janeiro","SES UPA 24H ILHA DO GOVERNADOR AP 31","COCOTA ILHA DO GOVER","S/N","PARQUE POETA MANUEL BANDEIRA","23346346","2016","6","SESSMS","3"
"7084129","46900-000","BA","Seabra","UPA 24H DE SEABRA JORGE ALVES DE OLIVEIRA","TAMBORIL","S/N","RUA EDVALDO SANTOS","7533313919","2016","6","MS","1"
"23582","31515-000","MG","Belo Horizonte","UNIDADE DE PRONTO ATENDIMENTO VENDA NOVA","SAO JOAO BATISTA","175","RUA PADRE PEDRO PINTO","(31)32778909","2016","6","SESSMS","3"
"2792346","","SP","Piracicaba","UPA PIRACICAMIRIM DR FORTUNATO LOSSO NETO PIRACICABA","VILA PRUDENTE","135","RUA RIO GRANDE DO NORTE","(19) 3426-5973","2016","6","SESSMS","3"
"23051","","MG","Belo Horizonte","UNIDADE DE PRONTO ATENDIMENTO NORDESTE","SAO PAULO","560","RUA JOAQUIM GOUVEIA","32467501","2016","6","SESSMS","2"
"6558992","","PE","Jaboatão dos Guararapes","UPA CURADO","CURADO II","68","RUA LEONARDO DA VINCI","81 31844465","2016","6","MS","3"
"6929583","","MA","Imperatriz","UPA IMPERATRIZ","NOV IMPERATRIZ","968","AVENIDA BERNARDO SAYAO","","2016","6","MS","2"
"7157681","75250-000","GO","Senador Canedo","UPA UNIDADE DE PRONTO ATENDIMENTO DE SENADOR CANEDO","RESIDENCILA BOA VIST","S/N","RUA BV 15 ESQ AV GERONIMO VIEIRA","","2016","6","MS","2"
"7156324","","SP","Vinhedo","UNIDADE DE PRONTO ATENDIMENTO","JARDIM SANTA ROSA","45","AVENIDA AURELIO JOSE FREDIANI","(19) 3886-4472","2016","6","MS","1"
"2639548","","PR","Curitiba","UPA CAMPO COMPRIDO","CAMPO COMPRIDO","3495","RUA MONS IVO ZANLORENZI","(41)3373-1332","2016","6","SESSMS","3"
"6855334","","RJ","Itaperuna","UPA ITAPERUNA","CIDADE NOVA","01","RUA E","22 38224657","2016","6","MS","3"
"6997600","14300000","SP","Batatais","UPA 24H BATATAIS JOSE ANTONIO DA SILVA NETO","JOAQUIM MARINHEIRO","525","AVENIDA MOACIR DIAS DE MORAIS","(16)37619499","2016","6","MS","2"
"7372116","57160-000","AL","Marechal Deodoro","UPA 24 HORAS IRMA DULCE MARECHAL DEODORO AL","FRANCES","S/N","RUA CORIMA","","2016","6","MS","1"
"7263813","78053-739","MT","Cuiabá","UNIDADE DE PRONTO ATENDIMENTO MORADA DO OURO","MORADA DO OURO","S/N","AV TANCREDO NEVES","3645 - 5700","2016","6","MS","3"
"6864651","25561-162","RJ","São João de Meriti","UPA 24H JARDIM IRIS","JARDIM IRIS","S/N","AVENIDA COMENDADOR TELES","21 3757-3176","2016","6","MS","3"
"7099185","","AL","Viçosa","UNIDADE DE PRONTO ATENDIMENTO DR DEVID DISRAELI TORRES","CENTRO","20","RUA PEDRO BARRETO","32831279","2016","6","MS","1"
"7110162","21540-520","RJ","Rio de Janeiro","SMS UPA 24H ROCHA MIRANDA AP 33","ROCHA MIRANDA","S/N","ESTRADA DO BARRO VERMELHO","35141487","2016","6","MS","3"
"6443397","53350-005","PE","Olinda","UPA OLINDA","TABAJARA","S/N","AVENIDA DR JOAQUIM NABUCO","(81) 31844309","2016","6","MS","3"
"6488714","25950-000","RJ","Teresópolis","UPA 24HS UNIDADE DE PRONTO ATENDIMENTO NATHAN GARCIA LEITAO","VARZEA","S/N","RUA TENENTE LUIZ MEIRELLES","","2016","6","MS","3"
"6270093","15047050","SP","São José do Rio Preto","UPA REGIAO NORTE","JARDIM ANTUNES","130","R MANOEL MORENO ESQ R JOSEPHA VOLTARELLI SANFELICE","17-32375315","2016","6","SESSMS","3"
"6900836","","RS","Bom Princípio","UPA UNIDADE DE PRONTO ATENDIMENTO","PARAISO DO VALE","S/N","RUA JOAO DE BARRO","51 3634 1191","2016","6","MS","1"
"7101856","22745-290","RJ","Rio de Janeiro","SMS UPA 24H MAGALHAES BASTOS AP 51","MAGALHAES BASTOS","S/N","ESTRADA MANUEL NOGUEIRA DE SA","35507080","2016","6","MS","3"
"2189860","32.050-310","MG","Contagem","UNIDADE DE PRONTO ATENDIMENTO VARGEM DAS FLORES UPA","RETIRO","80","RUA RETIRO DOS IMIGRANTES","(31)31986251","2016","6","SESSMS","1"
"7006810","","CE","Fortaleza","UNIDADE PRONTO ATENDIMENTO MESSEJANA","MESSEJANA","S/N","RUA MIGUEL GURGEL","85 34740535","2016","6","MS","2"
"7266650","27971-430","RJ","Macaé","UPA UNIDADE DE PRONTO ATENDIMENTO LAGOMAR","LAGOMAR","S/N","AVENIDA JOSE FERREIRA MACHADO","(22) 2796-1279","2016","6","MS","2"
"6535798","","SP","São Bernardo do Campo","UPA DEMARCHI BATISTINI","DEMARCHI","303","RUA VALDOMIRO LUIZ","4368-4333","2016","6","MS","2"
"7094647","48904-060","BA","Juazeiro","UPA DR JOAO OLIVEIRA","CASTELO BRANCO","S/N","RODOVIA LOMANTO JUNIOR","7436134288","2016","6","MS","2"
"7381158","","CE","Horizonte","UPA DE HORIZONTE","CENTRO","1285","RUA CIRO BILHAR","8533366043","2016","6","MS","2"
"7073194","12940-000","SP","Atibaia","UPA PORTE II 24HS JD CEREJEIRAS ATIBAIA","JD CEREJEIRAS","50","PRACA ORIENTAL","11 4412-2969","2016","6","MS","2"
"6855180","47850-000","BA","Luís Eduardo Magalhães","UPA UNIDADE DE PRONTO ATENDIMENTO","MIMOSO DO OESTE","165","RUA ARNALDO HORACIO FERREIRA","36285885","2016","6","MS","1"
"7206771","17033-841","SP","Bauru","UPA GEISEL","JARDIM OLIMPICO","S/N","RUA ANTONIO MANOEL DA COSTA","","2016","6","MS","2"
"7039336","89240-000","SC","São Francisco do Sul","UPA UNIDADE DE PRONTO ATENDIMENTO","UBATUBA","S/N","RODOVIA DUQUE DE CAXIAS","47-3444-6277","2016","6","MS","1"
"2639467","","PR","Curitiba","UPA FAZENDINHA","FAZENDINHA","S/N","RUA CARLOS KLEMTZ","3329-4324","2016","6","SESSMS","3"
"7102429","09405-390","SP","Ribeirão Pires","UPA SANTA LUZIA","SANTA LUZIA","2959","ESTRADA DA COLONIA","48228000","2016","6","MS","2"
"2546000","","SE","Simão Dias","UNIDADE DE PRONTO ATENDIMENTO 24 H PEDRO VALADARES","CENTRO","S/N","RUA JULIO MANOEL DE OLIVEIRA","(079)3611-2221","2016","6","SESSMS","1"
"7114893","","RS","Porto Alegre","UNIDADE DE PRONTO ATENDIMENTO ZONA NORTE MOACYR SCLIAR","SAO SEBASTIAO","001","JERONYMO ZELMANOVITZ","51 33681626","2016","6","MS","3"
"6726852","","PE","Recife","UPA IBURA","IBURA","S/N","RUA VALE DO ITAJAI","81 31844594","2016","6","MS","3"
"7111924","71732-010","DF","Brasília","UPA NUCLEO BANDEIRANTE","NUCLEO BANDEIRANTE","180","DF 075 KM 180 PLACA DAS MERCEDES","35508817","2016","6","MS","3"
"7274440","60750-022","CE","Fortaleza","UNIDADE PRONTO ATENDIMENTO JOSE WALTER","JOSE WALTER","S/N","AV PRESIDENTE COSTA E SILVA","85 32168316","2016","6","SESSMS","3"
"5955688","21625-130","RJ","Rio de Janeiro","SES RJ UPA 24H RICARDO DE ALBUQUERQUE","RICARDO DE ALBUQUERQ","S/N","ESTR MAL ALENCASTRO","33394819","2016","6","SESSMS","3"
"2061767","","SP","Piracicaba","UPA VILA SONIA NESTOR LONGATTO PIRACICABA","VILA SONIA","106","RUA BRIGADEIRO EDUARDO GOMES","(19) 3425-3284","2016","6","SESSMS","2"
"2785722","32900-000","MG","Manhuaçu","HOSPITAL MUNICIPAL DE MANHUACU","CENTRO","S/N","RUA FREDERICO DOLABELA","33 3332 3310","2016","6","SESSMS","2"
"7021909","","RS","Vacaria","UPA 24 HORAS VACARIA","GLORIA","1100","RUA CAMPOS SALES","","2016","6","MS","1"
"2126052","32670-778","MG","Betim","UPA ALEXANDRE SILVA ARAUJO DINIZ ALTEROSAS","JARDIM ALTEROSAS","520","AVENIDA CAMPOS DE OURIQUE","(31)35922933","2016","6","SESSMS","2"
"7278438","18400-020","SP","Itapeva","UNIDADE DE PRONTO ATENDIMENTO UPA PORTE 1","CENTRO","S/N","PRACA ESPIRIDIAO LUCIO MARTINS","15 35213242","2016","6","MS","1"
"6418651","09711-280","SP","São Bernardo do Campo","UPA SAO PEDRO","VILA SAO PEDRO","273","DOM PEDRO DE ALCANTARA","","2016","6","MS","2"
"6927173","40720-460","BA","Salvador","UPA DO SUBURBIO","ESCADA","S/N","LADEIRA DA TEREZINHA","71 3401-8585","2016","6","SESSMS","3"
"7155840","68555-280","PA","Xinguara","UNIDADE DE PRONTO ATENDIMENTO DE XINGUARA","CENTRO","S/N","BR 155 ESQUINA COM AVENIDA HERMES DANTAS","34264736","2016","6","MS","1"
"5584523","","RN","Mossoró","UPA CONCHECITA CIARLINI","SANTO ANTONIO","289","RUA SEIS DE JANEIRO","","2016","6","SESSMS","2"
"7085400","83708-695","PR","Araucária","UNIDADE DE PRONTO ATENDIMENTO DE ARAUCARIA","JARDIM PLANALTO","2600","AVENIDA MANOEL RIBAS","3905-6315","2016","6","MS","3"
"7054254","","RS","Canoas","UPA 24 HORAS RIO BRANCO","RIO BRANCO","600","CAIRU","(51)3415-4500","2016","6","MS","2"
"2190125","32072-180","MG","Contagem","UNIDADE DE PRONTO ATENDIMENTO PETROLANDIA UPA","PETROLANDIA","137","RUA REFINARIA UNIAO","(31)3352-3312/5692","2016","6","SESSMS","1"
"7115652","13820-000","SP","Jaguariúna","UNIDADE DE PRONTO ATENDIMENTO UPA DRA ANA OLIVIA BENTIVOGLIO","JD PLANALTO","1222","AV ANTONIO PINTO CATAO","38671122","2016","6","MS","1"
"6767400","","SP","Votuporanga","UNIDADE DE PRONTO ATENDIMENTO DR DIORANDI FIGUEIRA DA COSTA","PARQUE VILA SAUDE","2701","RUA JOAO RODRIGUES AGOSTINHO","(17)34051446","2016","6","MS","1"
"7111606","44380-000","BA","Cruz das Almas","UNIDADE DE PRONTO ATENDIMENTO 24H UPA I","ITAPICURU","110","AVENIDA CARMELITO BARBOSA ALVES","","2016","6","MS","1"
"6038913","21070-061","RJ","Rio de Janeiro","SES UPA 24H PENHA AP 31","PENHA","2293","AVENIDA LOBO JUNIOR","2334-7859","2016","6","SESSMS","3"
"6650864","","SP","São Bernardo do Campo","UPA RIACHO GRANDE","RIACHO GRANDE","333","RUA MARCILIO CONRADO","4101-8264 / 4357-235","2016","6","MS","1"
"6618464","","PE","Jaboatão dos Guararapes","UPA ENGENHO VELHO","ENGENHO VELHO","S/N","AVENIDA MANOEL RABELO","8131844520","2016","6","MS","3"
"7053835","","SP","São Bernardo do Campo","UPA ALVES DIAS ASSUNCAO","ALVES DIAS","4220","AV HUMBERTO DE ALENCAR CASTELO BRANCO","4104-4018","2016","6","MS","2"
"6737633","47600-000","BA","Bom Jesus da Lapa","UPA 24H BOM JESUS DA LAPA","SAO MIGUEL","244","RUA L","77 3481 7907","2016","6","MS","1"
"7052251","","PB","Campina Grande","UPA 24 HORAS DR MAIA","ALTO BRANCO","S/N","AV MANOEL TAVARES","83 33412079","2016","6","MS","3"
"2064731","14806-150","SP","Araraquara","UPA CENTRAL AMELIA BERNARDINI CUTRALE","VILA FERROVIARIA","S/N","AVENIDA MARIA ANTONIA CAMARGO DE OLIVEIRA","016 33346900","2016","6","MS","2"
"5955653","23087-286","RJ","Rio de Janeiro","SES RJ UPA 24H CAMPO GRANDE","CAMPO GRANDE","S/N","ESTRADA DO MENDANHA","23336809","2016","6","SESSMS","3"
"5387582","","ES","Serra","UPA 24 HORAS CARAPINA FRANCISCA MARIA PIMENTEL","MANOEL PLAZA","S/N","RODOVIA NORTE SUL","(27)3341 - 1171","2016","6","MS","3"
"6411169","","SC","Biguaçu","UNIDADE DE PRONTO ATENDIMENTO UPA 24H","FUNDOS","S/N","RUA QUINTINO BOCAIUVA","(48)30398460","2016","6","MS","1"
"7038747","14090-270","SP","Ribeirão Preto","UPA DR LUIS ATILIO LOSI VIANA RIBEIRAO PRETO","JARDIM PAULISTANO","353","AVENIDA TREZE DE MAIO","(16)39722868","2016","6","MS","3"
"7136552","24120-395","RJ","Niterói","SES RJ UPA 24H FONSECA","FONSECA","107","RUA SA BARRETO","21-26257807","2016","6","MS","3"
"6631819","","PE","Caruaru","UPA CARUARU","INDIANOPOLIS","614","AVENIDA JOSE RODRIGUES DE JESUS","08737277814","2016","6","MS","3"
"6680704","21532-200","RJ","Rio de Janeiro","SMS UPA 24H COSTA BARROS AP 33","COSTA BARROS","S/N","EST DE BOTAFOGO","25086990","2016","6","MS","3"
"6568734","","MA","São Luís","UPA ITAQUI BACANGA","ITAQUI BACANGA","S/N","AVENIDA DOS PORTUGUESES","(98)32720346","2016","6","MS","2"
"7155832","88900-000","SC","Araranguá","UNIDADE DE PRONTO ATENDIMENTO 24 HORAS ARARANGUA","CIDADE ALTA","344","AVENIDA 15 DE NOVEMBRO","48-39031922","2016","6","MS","1"
"6481876","51200-000","PE","Recife","UPA IMBIRIBEIRA","IMBIRIBEIRA","4223","AV MASCARENHAS DE MORAES","81 31844328","2016","6","MS","3"
"6947077","","PA","Capanema","UNIDADE DE PRONTO ATENDIMENTO MANOEL MARIA SERRAO VALENTE","SAO CRISTOVAO","S/N","RUA LAUDELINO VALENTE","(91)34622155","2016","6","MS","2"
"6531288","","RN","Natal","UPA 24H DE PAJUCARA","PAJUCARA","S/N","RUA MOEMIA TINOCO DA CUNHA LIMA","843614 5280","2016","6","MS","2"
"2054728","","SP","Piracicaba","UPA VILA REZENDE DR ALFREDO J DE C NEVES PIRACICABA","VILA REZENDE","350","AVENIDA CONCEICAO","(19) 3421-1439","2016","6","SESSMS","1"
"7112831","67.130-440","PA","Ananindeua","UNIDADE DE PRONTO ATENDIMENTO UPA III","COQUEIRO","S/N","CIDADE NOVA II WE 16","32730281","2016","6","MS","3"
"6903665","24722-525","RJ","São Gonçalo","SES RJ UPA 24H SAO GONCALO II","SAO GONCALO","S/N","AVENIDA BISPO DOM JOAO DA MATA","","2016","6","MS","3"
"2466422","","ES","Guarapari","UPA II DR JOAO BATISTA DE ALMEIDA NETO","IPIRANGA","S/N","RUA CACHOEIRO DE ITAPEMIRIM","27-32616989 33627395","2016","6","SESSMS","2"
"6038883","21735-320","RJ","Rio de Janeiro","SES RJ UPA 24H REALENGO","REALENGO","S/N","RUA MARECHAL JOAQUIM INACIO","24019382","2016","6","SESSMS","3"
"2126419","32667-005","MG","Betim","UPA NILDA NOGUEIRA DO A ANDRADE GUANABARA","GUANABARA","225","RUA JOVELINO GREGORIO DA SILVA","(31)35922930","2016","6","SESSMS","1"
"7061838","35.670-000","MG","Mateus Leme","MATEUS LEME UPA 24 HORAS TIAGO CARDOSO SANTOS","VALE VERDE","15","RUA LEVI DA SILVA","","2016","6","MS","1"
"6270131","15051-000","SP","São José do Rio Preto","UPA JAGUARE","JARDIM JAGUARE","2450","AVENIDA DANILO GALEAZZI","17-32151192","2016","6","MS","2"
"2389061","","RN","Mossoró","UPA TARCISIO DE VASCONCELOS MAIA","SAO MANOEL","S/N","RUA MARIAZINHA MENDES","84 3315-4745","2016","6","SESSMS","1"
"6916074","7172000","SP","Guarulhos","UPA SAO JOAO LAVRAS","CIDADE SOBERANA","4130","ESTRADA GUARULHOS NAZARE","1122292240","2016","6","MS","3"
"6507409","22451-265","RJ","Rio de Janeiro","SMS UPA 24H ROCINHA AP 21","ROCINHA","522","ESTRADA DA GAVEA","33227039","2016","6","SESSMS","2"
"7376421","","RS","Canoas","UPA 24 HORAS GUAJUVIRAS","ESTANCIA VELHA","2901","AVENIDA BOQUEIRAO","51 34763698","2016","6","MS","1"
"6742831","21830-007","RJ","Rio de Janeiro","SMS UPA 24H SENADOR CAMARA AP 51","SENADOR CAMARA","6486","AVENIDA SANTA CRUZ","21-38393226","2016","6","MS","3"
"2061562","09330-350","SP","Mauá","UPA BARAO DE MAUA","JARDIM MARINGA","3567","AV BARAO DE MAUA","(11)4512-7758","2016","6","MS","2"
"6858317","22031-071","RJ","Rio de Janeiro","SES RJ UPA 24H COPACABANA","COPACABANA","129","RUA SIQUEIRA CAMPOS","30426945","2016","6","MS","3"
"2438917","","PR","Curitiba","UPA BOQUEIRAO","BOQUEIRAO","2590","RUA PROFA MARIA ASSUMPCAO","41- 3217-1201","2016","6","SESSMS","3"
"10081","","MS","Campo Grande","UPA DR ALESSANDRO MARTINS DE SOUZA E SILVA VILA ALMEIDA","VILA ALMEIDA","1079","RUA MINISTRO JOSE LINHARES","67-33147471/33147329","2016","6","SESSMS","2"
"2496461","","RO","Porto Velho","UPA ZONA LESTE","TANCREDO NEVES","3585","AV MAMORE COM RIO DE JANEIRO","69 39013349 99365725","2016","6","MS","2"
"7106548","34505-010","MG","Sabará","SABARA UPA III 24 HORAS PADRE LAZARO PEREIRA CRISPIM","NACOES UNIDAS","7000","RODOVIA MGT 262 KM 07","31 35081962","2016","6","MS","3"
"2485958","29176-206","ES","Serra","UPA 24 HORAS SERRA OSCARINA MIRANDA BORGES","SERRA SEDE","S/N","AVENIDA JONES DOS SANTOS NEVES","(27) 3291- 8837","2016","6","MS","3"
"7070713","11714-630","SP","Praia Grande","UPA UNIDADE DE PRONTO ATENDIMENTO DR CHARLES ANTUNES BECHAR","SAMAMBAIA","S/N","AV CORRETOR DE IMOVEIS","","2016","6","MS","3"
"7061773","37048-360","MG","Varginha","UPA FRANCISCO CORREA DE CARVALHO","PADRE VITOR","113","AVENIDA FARMACEUTICO JAIR SANTANA","","2016","6","MS","3"
"6220584","22260-000","RJ","Rio de Janeiro","SES RJ UPA 24 H BOTAFOGO","BOTAFOGO","S/N","SAO CLEMENTE","21 22992577","2016","6","SESSMS","3"
"6443419","53401-030","PE","Paulista","UPA PAULISTA","AURORA","S/N","AVENIDA MINISTRO MARCOS DE BARROS FREIRE","(81) 31844253","2016","6","MS","3"
"6798128","","MG","São João del Rei","UPA SAO JOAO DEL REI","JARDIM CENTRAL","173","R MARECHAL CIRO ESPIRITO SANTO CARDOSO","(32)3373-4111","2016","6","SESSMS","2"
"6037526","22730-522","RJ","Rio de Janeiro","SES RJ UPA 24 HORAS JACAREPAGUA","TAQUARA JACAREPAGU","20","ANDRE ROCHA","21 22992577","2016","6","SESSMS","3"
"6091997","26291-200","RJ","Nova Iguaçu","SES RJ UPA 24H CABUCU","CABUCU","1600","AVENIDA ABILIO AUGUSTO TAVORA","971833450","2016","6","SESSMS","3"
"2189879","32145-000","MG","Contagem","UNIDADE DE PRONTO ATENDIMENTO RESSACA UPA","GUANABARA","S/N","PRACA 21 DE ABRIL GUANABARA","3357-6002","2016","6","SESSMS","2"
"22683","30626-002","MG","Belo Horizonte","UNIDADE DE PRONTO ATENDIMENTO BARREIRO","DIAMANTE","20","RUA AURELIO LOPES","(31)32775821","2016","6","SESSMS","3"
"6635903","","RJ","Macaé","UPA UNIDADE DE PRONTO ATENDIMENTO BARRA","BARRA DE MACAE","S/N","AVENIDA AMARAL PEIXOTO","22 27623260","2016","6","MS","3"
"5967198","25025-095","RJ","Duque de Caxias","SES RJ UPA 24H DUQUE DE CAXIAS","PARQUE LAFAEITE","1532","JOAQUIM PECANHA","21 22992577","2016","6","SESSMS","3"
"6909663","25655-006","RJ","Petrópolis","UPA CENTRO UNIDADE DE PRONTO ATENDIMENTO","CENTRO","600","RUA WASHINGTON LUIZ","2243-6706","2016","6","MS","3"
"6972497","","PR","Apucarana","UPA UNIDADE DE PRONTO ATENDIMENTO DE APUCARANA PR","CENTRO","1755","RUA CLOTARIO PORTUGAL","4339011058","2016","6","MS","2"
"7015119","49360-000","SE","Boquim","UPA UNIDADE DE PRONTO ATENDIMENTO 24 H DR B MITIDIERI","CENTRO","280","AV ANTONIO FERNANDES VIANA DE ASSIS","(79) 3645 -3285","2016","6","SESSMS","1"
"6530389","50720-635","PE","Recife","UPA TORROES","TORROES","30","RUA MIRABELA","81 - 31844440","2016","6","MS","2"
"6834477","","GO","Rio Verde","UPA DR JOSE POVOA MENDES","JARDIM GOIAS","1900","RUA AUGUSTA BASTOS","6436202040","2016","6","MS","1"
"6661904","21310-190","RJ","Rio de Janeiro","SMS UPA 24H MADUREIRA AP 33","MADUREIRA","S/N","PRACA DOS LAVRADORES","33582994","2016","6","MS","3"
"6950043","","SP","Mauá","UPA VILA ASSIS","JARDIM ANCHIETA","2129","AVENIDA DOM JOSE GASPAR","(11)4512-7759","2016","6","MS","2"
"7064578","75690-000","GO","Caldas Novas","UPA UNIDADE DE PRONTO ATENDIMENTO","CENTRO","0001","RUA PROFESSOR JOSINO BRETAS ESQ C R","(64) 3453-0022","2016","6","MS","2"
"5955637","23590-060","RJ","Rio de Janeiro","SES RJ UPA 24H SANTA CRUZ","SANTA CRUZ","13655","AVENIDA CESARIO DE MELO","23337286","2016","6","SESSMS","3"
"7326823","87035-260","PR","Cambé","UNIDADE DE PRONTO ATENDIMENTO SILVIA MANTOVANI","JD TUPI","479","RUA CARAJAS","3174-0552","2016","6","MS","2"
"6042619","21063-400","RJ","Barra Mansa","UNIDADE DE PRONTO ATENDIMENTO EM BARRA MANSA RJ UPA","CENTRO","263","RUA LUIZ PONCE","02433229298","2016","6","SESSMS","3"
"4047184","33051-500","SP","Araraquara","UPA DR ANTONIO ALONSO MARTINEZ VILA XAVIER","VILA XAVIER","660","RUA JOSE DO PATROCINIO","","2016","6","MS","1"
"7103255","","CE","Eusébio","UNIDADE DE PRONTO ATENDIMENTO DE EUSEBIO","CENTRO","395","RUA IRMA AMBROSINA","32605303","2016","6","MS","2"
"6690742","","PE","Cabo de Santo Agostinho","UPA CABO DE SANTO AGOSTINHO","COHAB","S/N","RUA 27","81 31844543","2016","6","MS","3"
"7169310","09790-400","SP","São Bernardo do Campo","UPA SILVINA","FERRAZOPOLIS","509","AVENIDA DR JOSE FORNARI","11 43388536","2016","6","MS","2"
"7031882","33.200-000","MG","Vespasiano","VESPASIANO UPA 24 HORAS PREFEITO LUIZ ISSA","CAIEIRAS","S/N","RUA TIRADENTES","","2016","6","MS","3"
"7116756","71.692-100","DF","Brasília","UPA UNIDADE DE PRONTO ATENDIMENTO DE SAO SEBASTIAO","RESIDENCIAL OESTE","1","QD 102 CJ 1 LT 1","613550-8746","2016","6","MS","3"
"6559565","","RJ","Angra dos Reis","UPA 24 HORAS ANGRA DOS REIS","JAPUIBA","S/N","RUA FRANCELINO ALVES DE LIMA","2433671667","2016","6","MS","3"
"7094132","07500-000","SP","Santa Isabel","UNIDADE DE PRONTO ATENDIMENTO UPA I SANTA ISABEL","JAGUARI","320","RUA PRESIDENTE CASTELLO BRANCO","1146568150","2016","6","MS","1"
"6922597","25710-082","RJ","Petrópolis","UPA CASCATINHA PRONTO ATENDIMENTO 24H PETROPOLIS II","ITAMARATI","500","RUA BERNARDO PROENCA","2246-8932","2016","6","MS","3"
"7038895","13501-130","SP","Rio Claro","UPA 24 HORAS DR OLAVO NARKEVITZ","CIDADE JARDIM","1313","AV 29","(19) 3524-9577","2016","6","MS","2"
"6038905","23055-002","RJ","Rio de Janeiro","SES RJ UPA 24H CAMPO GRANDE II","CAMPO GRANDE","S/N","AVENIDA CESARIO DE MELO","23336802","2016","6","SESSMS","3"
"6487815","21852-370","RJ","Rio de Janeiro","SMS UPA 24H VILA KENNEDY AP 51","VILA KENNEDY","S/N","PRACA DOLOMITAS","24050303","2016","6","SESSMS","2"
"6542891","","RJ","Araruama","UPA UNIDADE DE PRONTO ATENDIMENTO DE ARARUAMA","CENTRO","S/N","AV GETULIO VARGAS","26657300","2016","6","MS","3"
"7099371","78553-252","MT","Sinop","UPA UNIDADE DE PRONTO ATENDIMENTO DRA ANETE MARIA MOTA MARIA","JARDIM DAS ACACIAS","S/N","AVENIDA ANDRE MAGGI","66 3520 3400","2016","6","MS","2"
"2160137","35.519-000","MG","Nova Serrana","UPA ANTONIO JOSE DOS SANTOS","SAO MARCOS","440","RUA PADRE JOSE LUIZ","037-3226.6166","2016","6","MS","1"
"6512925","21061-600","RJ","Rio de Janeiro","SMS UPA 24H COMPLEXO DO ALEMAO AP 31","BONSUCESSO","221","ESTRADA DO ITARARE","","2016","6","SESSMS","2"
"7023049","87112610","PR","Sarandi","UNIDADE DE PRONTO ATENDIMENTO","JD CASTELO","286","JOSE MUNHOZ","(44) 3126-8150","2016","6","MS","1"
"7135173","11750-000","SP","Peruíbe","UNIDADE DE PRONTO ATENDIMENTO DE PERUIBE UPA24H","PARQUE DAVILLE","S/N","AVENIDADE TEREZINHA RODRIGUES KALLIL","13 34541589","2016","6","MS","1"
"7260784","66821-000","PA","Belém","UPA DAICO","PARQUE GUAJARA","0","RODOVIA AUGUSTO MONTENEGRO KM 11","(091) 3247-8334","2016","6","MS","3"
"2639556","","PR","Curitiba","UPA SITIO CERCADO","SITIO CERCADO","700","RUA LEVY BUQUERA","041-3378-6405","2016","6","SESSMS","3"
"6588425","28635-000","RJ","Nova Friburgo","UPA 24 HORAS NOVA FRIBURGO","CONSELHEIRO PAULINO","3456","AVENIDA GOVERNADOR ROBERTO SILVEIRA","25803662","2016","6","MS","3"
"7066953","88310-690","SC","Itajaí","UNIDADE DE PRONTO ATENDIMENTO UPA 24H","CORDEIROS","S/N","RUA ENEDINA DAVILA FERREIRA","04732495500","2016","6","MS","1"
"2422077","49000-800","SE","Porto da Folha","UNIDADE DE PRONTO ATENDIMENTO 24 H DR FRANCISCO ROLLEMBERG","CENTRO","226","PRACA ANTONIO PINTO DE REZENDE","","2016","6","SESSMS","1"
"6931960","65400-000","MA","Codó","UPA CODO","SANTA TEREZINHA","S/N","RUA SANTA RITA","","2016","6","MS","2"
"6033075","25050-100","RJ","Duque de Caxias","SES RJ UPA 24H SARAPUI","VILA SARAPUI","S/N","RUA REPUBLICA DO PARAGUAI","37775344","2016","6","SESSMS","2"
"6562205","","PE","Jaboatão dos Guararapes","UPA BARRA DE JANGADA","BARRA DE JANGADA","S/N","RUA CRUZ ALTA","81 31844494","2016","6","MS","3"
"3331326","","TO","Gurupi","UPA DRA MARCIA MUCKY","JARDIM SAO LUCAS","99","AVENIDA FERNANDO DE NORONHA","(63)3315-0027","2016","6","MS","2"
"6821197","","SP","São Bernardo do Campo","UPA PAULICEIA TABOAO","PAULICEIA","326","RUA PEDRO DE TOLEDO","4178-4309","2016","6","MS","2"
"7078730","72630-250","DF","Brasília","UPA RECANTO DAS EMAS","RECANTO DAS EMAS","S/N","EQ 400 600 AREA ESPECIAL RECANTO DAS EMAS","","2016","6","MS","3"
"7360851","","CE","Fortaleza","UNIDADE PRONTO ATENDIMENTO CONJUNTO CEARA","CONJUNTO CEARA","S/N","RUA 860","3216 8316","2016","6","SESSMS","2"
"7015887","97045070","RS","Santa Maria","UPA 24 H SANTA MARIA RS","PERPETUO SOCORRO","188","RUA ARY LAGRANHA DOMINGUES","5530261900","2016","6","MS","3"
"7130538","19.911-205","SP","Ourinhos","UPA UNIDADE DE PRONTO ATENDIMENTO OURINHOS","VILA SAO LUIZ","545","RUA CELESTINO LOPES BAHIA","14 33262494","2016","6","MS","2"
"6488315","50980-000","PE","Recife","UPA CAXANGA","VARZEA","S/N","AV CAXANGA","81 31844355","2016","6","MS","3"
"17396","","PR","Curitiba","UPA BOA VISTA","BOA VISTA","3654","AVN PARANA","041- 32511002","2016","6","SESSMS","3"
"6928331","65630000","MA","Timon","UPA TIMON","SANTO ANTONIO","S/N","RUA SAO SEBASTIAO","","2016","6","MS","2"
"10049","","MS","Campo Grande","UPA DR WALFRIDO ARRUDA CORONEL ANTONINO","CORONEL ANTONINO","1239","RUA DOUTOR MEIRELES","67-33144195/33144191","2016","6","SESSMS","3"
"7113218","09020-000","SP","Santo André","UPA PERIMETRAL","CENTRO","129","RUA CORONEL AGENOR DE CARMARGO","(11)44351400","2016","6","MS","2"
"6742017","","RN","Macaíba","UNIDADE DE PRONTO ATENDIMENTO MACAIBA UPA","ESTRADA DE JUNDIAI","100","AVENIDA JUNDIAI","(84)3271-4204","2016","6","MS","1"
"6632858","","MG","Ribeirão das Neves","UPA ACRIZIO MENEZES","CEREJEIRAS","600","AVENIDA DENISE CRISTINA DA ROCHA","3136273670","2016","6","SESSMS","3"
"2023571","13051-114","SP","Campinas","UNIDADE DE PRONTO ATENDIMENTO SAO JOSE","JD BANDEIRA 2","S/N","RUA BERTOLDO FERNANDES DE CASTRO","(19)32676400","2016","6","SESSMS","1"
"6439993","89226-205","SC","Joinville","UPA 24 HORAS AVENTUREIRO","AVENTUREIRO","0","RUA MAFALDA LAURINDO","47 3489-9800","2016","6","SESSMS","3"
"7130341","18900-000","SP","Santa Cruz do Rio Pardo","UPA DR FABIO AUGUSTO CARMO ZACURA SCRPARDO","ESTACAO","S/N","R GASTAO VIDIGAL ESQ C FRANCISCO DE ABREU SODRE","(014)3332-2790","2016","6","MS","1"
"6008054","32041-440","MG","Contagem","UNIDADE DE PRONTO ATENDIMENTO UNIDADE XVI UPA XVI","CENTRO","47","JOAQUIM CAMARGO","33987036","2016","6","SESSMS","2"
"7018800","","CE","Fortaleza","UNIDADE PRONTO ATENDIMENTO CANINDEZINHO","PLANALTO VITORIO","S/N","RUA 15","85 32168316","2016","6","MS","3"
"6851312","","MA","São Luís","UPA CIDADE OPERARIA","CIDADE OPERARIA","S/N","AV PRICIPAL AV OESTE","(098)32474558","2016","6","SESSMS","3"
"4774","41200-020","BA","Salvador","UPA 24H PROF ADROALDO ALBERGARIA","PERIPERI","S/N","RUA DAS PEDRINHAS","3611-5721/5719/5718","2016","6","SESSMS","3"
"2822318","83323-390","PR","Pinhais","UNIDADE DE PRONTO ATENDIMENTO 24 HORAS","CENTRO","731","RENATO NUNES RIBAS","(41)3059-9292","2016","6","MS","2"
"6870066","27.521-750","RJ","Resende","UPA 24 HS RESENDE","COMERCIAL NOVA RESEN","S/N","AVENIDA ADAUTO EMILIANO SOARES","(24) 3354-5075","2016","6","MS","3"
"6940315","","PB","João Pessoa","UNIDADE DE PRONTO ATENDIMENTO OCEANIA","AEROCLUBE","70","AV GOV FLAVIO RIBEIRO COUTINHO","3218-9896","2016","6","MS","2"
"6754325","","PB","Santa Rita","UPA UNIDADE DE PRONTO ATENDIMENTO","TIBIRI I","S/N","PITIMBU","83 32187355","2016","6","MS","1"
"6938124","23.585-430","RJ","Rio de Janeiro","SMS UPA 24 H PACIENCIA AP 53","PACIENCIA","S/N","ESTRADA SANTA EUGENIA","","2016","6","SESSMS","2"
"6443370","53600-000","PE","Igarassu","UPA IGARASSU","RUBINA","S/N","RODOVIA BR 101 NORTE KM 47","(81) 31844278/4280","2016","6","MS","3"
"6875343","39803-013","MG","Teófilo Otoni","UPA 24 HORAS","CENTRO","1284","AVENIDA GETULIO VARGAS","","2016","6","SESSMS","3"
"6964370","","PB","Guarabira","UPA UNIDADE DE PRONTO ATENDIMENTO DE GUARABIRA","CONJUNTO PRO MORADIA","S/N","PB 57","83 32187355","2016","6","MS","1"
"6950655","11471020","SP","Guarujá","UPA JARDIM BOA ESPERANCA JORGE DE JESUS ALMEIDA GUARUJA","JD BOA ESPERANCA","S/N","RUA MARIO DAIGE","33551935","2016","6","MS","2"
"6629989","","RJ","Campos dos Goytacazes","SES RJ UPA 24H CAMPOS DOS GOYTACAZES","PARQUE VERA CRUZ","200","SOUZA MOTA","","2016","6","MS","3"
"5323495","","PR","Curitiba","UPA CIDADE INDUSTRIAL","CIC","3370","RUA SENADOR ACCIOLY FILHO","041-33145058","2016","6","SESSMS","3"
"7116896","45700-000","BA","Itapetinga","UNIDADE DE PRONTO ATENDIMENTO UPA 24 HORAS","NOVA ITAPETINGA","S/N","AVENIDA GERSON DE OLIVEIRA","","2016","6","MS","1"
"6035809","26110-260","RJ","Belford Roxo","UPA 24H BOM PASTOR BELFORD ROXO","BOM PASTOR","0","ESTR DE BELFORD ROXO","20709119","2016","6","SESSMS","3"
"6426174","25820-185","RJ","Três Rios","UPA 24 HS","TRIANGULO","2100","AV ZOELLO SOLA","024 22551998","2016","6","MS","3"
"2061724","","SP","Piracicaba","UPA VILA CRISTINA FREI SIGRIST PIRACICABA","VILA CRISTINA","1737","AVENIDA RAPOSO TAVARES","(19) 3434-2296","2016","6","SESSMS","2"
"2680017","","RO","Porto Velho","UPA ZONA SUL","COHAB FLORESTA","01","RUA URTIGA VERMELHA COM JATUARANA","69 3901 3335","2016","6","MS","2"
"6985483","","CE","Fortaleza","UNIDADE PRONTO ATENDIMENTO PRAIA DO FUTURO","PRAIA DO FUTURO","S/N","AV SENADOR CARLOS JEREISSATI","85 32168316","2016","6","MS","3"
"6826393","","MA","São José de Ribamar","UPA PARQUE VITORIA","TURU","20","AVENIDA JOSE SANTANA QUADRA 38","","2016","6","MS","2"
"7144016","","SP","Mogi Guaçu","UNIDADE DE PRONTO ATENDIMENTO UPA DE MOGI GUACU","JARDIM SANTA MARTA","S/N","RUA ORLANDA PEREIRA BUENO","1938185556","2016","6","MS","2"
"6822576","17063-060","SP","Bauru","UPA BELA VISTA","VILA LEMOS","4","RUA MARCAL DE ARRUDA CAMPOS","3102-1213","2016","6","MS","3"
"6631169","20730-460","RJ","Rio de Janeiro","SMS UPA 24 H ENGENHO DE DENTRO AP 32","ENGENHO DE DENTRO","S/N","RUA BERNARDO","25920-502","2016","6","MS","3"
"3340821","88052-800","SC","Florianópolis","UNIDADE DE PRONTO ATENDIMENTO UPA NORTE DA ILHA","CANASVIEIRAS","0","ROD FRANCISCO FAUSTINO MARTINS","(48) 32610623","2016","6","SESSMS","3"
"7169159","","PR","Lapa","UPA DR DARCY COSTA","VILA DO PRINCIPE","515","AVENIDA JUSCELINO KUBITSCHEK OLIVEIRA","4135475077","2016","6","MS","1"
"6867294","","RS","Novo Hamburgo","UPA 24 HORAS CANUDOS NH IRMAO ANTONIO BORTOLINI","CANUDOS","12","RUA BARTOLOMEU DE GUSMAO","51 30971317","2016","6","MS","2"
"7041152","","PB","Pombal","UPA UNIDADE DE PRONTO ATENDIMENTO DE POMBAL","PEREIROS","S/N","RUA JAIRO VIEIRA FEITOSA","","2016","6","MS","1"
"7104804","36090-000","MG","Juiz de Fora","UPA NORTE","NOVA ERA","6145","AVENIDA PRESIDENTE JUSCELINO KUBITSCHEK","(32)3222-0430","2016","6","MS","3"
"7242492","89900-000","SC","São Miguel do Oeste","UNIDADE DE PRONTO ATENDIMENTO LEONARDO WESSHEIMER","AGOSTINI","1","RUA OIAPOC","(49) 3621-2991","2016","6","MS","1"
"7103271","17400-000","SP","Garça","UPA 24 HS UNIDADE DE PRONTO ATENDIMENTO DR MARIO NUNES MIRAN","WILLIANS","120","RUA DR ORLANDO THIAGO DOS SANTOS","14-3406.4564","2016","6","MS","1"
"6722253","","GO","Formosa","UPA UNIDADE DE PRONTO ATENDIMENTO","SETOR SUL","S/N","VIA 26 A","61 3631-7681","2016","6","MS","1"
"6571573","36070-060","MG","Juiz de Fora","UPA SAO PEDRO","SAO PEDRO","129","RUA MAJOR LINO LIMA","(32)3250-1402","2016","6","SESSMS","3"
"6886345","","TO","Araguaína","UPA ANATOLIO DIAS CARNEIRO ARAGUAINA","ARAGUAINA SUL","S/N","RUA DOS PINHEIROS","","2016","6","MS","2"
"10057","","MS","Campo Grande","UPA APARECIDA GONCALVES SARAIVA UNIVERSITARIO","UNIVERSITARIO","3757","AVENIDA GUAICURUS","67-33045602/33045601","2016","6","SESSMS","2"
"2589648","74975-385","GO","Aparecida de Goiânia","UPA BRASICON","RESIDENCIAL BRASICON","S/N","RUA DAS ACASIA","3545 9953","2016","6","MS","3"
"2126001","32670-505","MG","Betim","UPA SETE DE SETEMBRO","CHACARA","441","BANDEIRANTES","(31)3531.3930","2016","6","SESSMS","3"
"6716938","22775-002","RJ","Rio de Janeiro","SMS COORD DE EMERGENCIA REGIONAL CER BARRA AP 40","BARRA DA TIJUCA","2000","AVENIDA AYRTON SENNA","35507060","2016","6","MS","3"
"6922333","43815-360","BA","Candeias","UNIDADE DE PRONTO ATENDIMENTO","OURO NEGRO","01","RUA DOS TRES PODERES","","2016","6","MS","1"
"7050577","78320-000","MT","Juína","UNIDADE DE PRONTO ATENDIMENTO DE JUINA DR SANTOS","MODULO 04","S/N","RUA DAS ANDORINHAS","66-3566-2009","2016","6","MS","1"
"7057334","47640-000","BA","Santa Maria da Vitória","UPA 24 HORAS SANTA MARIA DA VITORIA","AABB","S/N","RUA JEREMIAS RODRIGUES DA SILVA","77 3483 4884","2016","6","MS","1"
"2492555","","TO","Palmas","UNIDADE DE PRONTO ATENDIMENTO SUL","AURENY II","04","RUA PERIMENTRAL 2","(63)32185569","2016","6","SESSMS","2"
"6038891","20961-150","RJ","Rio de Janeiro","SES RJ UPA 24H ENGENHO NOVO AP 32","ENGENHO NOVO","70","RUA SOUZA BARROS","2332-2349","2016","6","SESSMS","3"
"6975402","78890-000","MT","Sorriso","UPA UNIDADE DE PRONTO ATENDIMENTO SARA AKEMI ICHICAVA","CENTRO","S/N","AVENIDA PORTO ALEGRE","66 35445989","2016","6","MS","1"
"2557096","46400-000","BA","Caetité","UNIDADE DE PRONTO ATENDIMENTO DE CAETITE","RANCHO ALEGRE","S/N","RODOVIA CAETITE GUANAMBI","(77)34548061","2016","6","SESSMS","3"
"7003692","28927-000","RJ","Cabo Frio","UNIDADE DE PRONTO ATENDIMENTO UPA II","SAMBURA","136","AV AMARAL PEIXOTO KM 136","22 26461736","2016","6","MS","2"
"5323436","","PR","Curitiba","UPA CAJURU","CAJURU","S/N","RUA ENGENHEIRO BENEDITO MARIO DA SILVA","041-32674319","2016","6","SESSMS","3"
"5955645","21870-210","RJ","Rio de Janeiro","SES RJ UPA 24H BANGU","BANGU","S/N","RUA FIGUEIREDO CAMARGO","24195816","2016","6","SESSMS","3"
"6421482","20973-011","RJ","Rio de Janeiro","SMS UPA 24H MANGUINHOS AP 31","BENFICA","1390","AV DOM HELDER CAMARA","2332-2407","2016","6","SESSMS","2"
"6439837","69900-977","AC","Rio Branco","UPA 24 HORAS DO 2 DISTRITO","LOTEAMENTO SANTA HEL","0020","RODOVIA BR 364 KM 125","(68) 3221 6775","2016","6","SESSMS","3"
"2420147","","SE","Poço Redondo","UNIDADE DE PRONTO ATENDIMENTO ZULMIRA SOARES","LIDIA SOUZA CRUZ","S/N","RUA ALTO DO GADO MANSO","07933371415","2016","6","SESSMS","1"
"6555551","26311-020","RJ","Queimados","SES RJ UPA 24H QUEIMADOS","NOSSA SENHORA DA GLO","S/N","RUA MARIO FERREIRA DOS REIS","26659493","2016","6","MS","3"
"7206445","14150-000","SP","Serrana","UPA DR GERALDO CESAR PAIVA REIS","JD ROMULO MONTANARI","235","GABRIEL JOSE DO VALE","(16) 3987-1513","2016","6","MS","1"
"5955211","21040-361","RJ","Rio de Janeiro","SES UPA 24H MARE AP 31","MANGUINHOS","4880","AV BRASIL","2334-7830 2334-7832","2016","6","SESSMS","3"
"5955629","21361-132","RJ","Rio de Janeiro","SES UPA 24H IRAJA AP 33","IRAJA","380","AV MONSENHOR FELIX","23339822","2016","6","SESSMS","3"
"7126816","45980-000","BA","Prado","UPA 24 HORAS PRADO","PORTAL DO PRADO","S/N","RODOVIA PRADO ITAMARAJU QUADRA 17 LOTE 7 A 12","","2016","6","MS","1"
"7077149","45810-000","BA","Porto Seguro","UPA UNIDADE DE PRONTO ATENDIMENTO 24 HORAS FREI CALIXTO","MERCADO DO POVO","S/N","RUA DA MATA","(73) 3268-2032","2016","6","MS","2"
"7058284","","PB","Monteiro","UPA JOAQUINA PIRES BARBOSA HENRIQUE","CENTRO","S/N","LOTEAMENTO RESIDENCE ALTIPLANO","83 88298453","2016","6","MS","1"
"7916043","","AL","Maragogi","UPA SANTO ANTONIO","AL NORTE","S/N","AL 101","","2016","6","MS","1"
"7479387","","SP","São Paulo","UPA III NOVA CAMPO LIMPO","VILA MARACANA","121","RUA THEREZA MOUCO DE OLIVEIRA","(11) 5814-3776","2016","6","SESSMS","3"
"6849636","","PR","São José dos Pinhais","UPA AFONSO PENA","AFONSO PENA","460","RUA FRANCISCA DE SOUZA CORTES","41 3385 - 3502","2016","6","MS","3"
"7184689","11660690","SP","Caraguatatuba","UNIDADE DE PRONTO ATENDIMENTO CENTRAL DE CARAGUATATUBA","JARDIM PRIMAVERA","451","AVENIDA MARANHAO","12 38972100","2016","6","SESSMS","2"
"24228","","SP","Santo André","UPA CENTRAL EMILIO PIRES MAGALHAES","VILA BASTOS","08","PRACA IV CENTENARIO","(11)44366844","2016","6","MS","2"
"7785577","42700000","BA","Lauro de Freitas","UNIDADE DE PRONTO ATENDIMENTO DE ITINGA","ITINGA","S/N","AVENIDA SAO CRISTOVAO","32518110/8112","2016","6","MS","2"
"7584717","","SC","Herval d'Oeste","UNIDADE DE PRONTO ATENDIMENTO REMI A MASCARELLO","SAO VICENTE","1400","RUA SANTOS DUMONT","04935227432","2016","6","MS","1"
"7737866","","PR","Toledo","UPA II UNIDADE DE PRONTO ATENDIMENTO","VILA BECKER","7964","AVENIDA MARIPA","3378-2388","2016","6","MS","2"
"6919456","09390-140","SP","Mauá","UPA ZAIRA","JARDIM ZAIRA","1952","AVENIDA WASHINGTON LUIZ","(11)4541-6683","2016","6","MS","2"
"7481624","","AL","Palmeira dos Índios","UNIDADE DE PRONTO ATENDIMENTO PALMEIRA DOS INDIOS","SONHO VERDE","S/N","RUA COMERCIANTE LUIZ DE FRANCA NETO","82 34292037","2016","6","MS","2"
"2142643","","MG","Lagoa da Prata","","","","","","2016","6","MS","1"
"7522738","","SP","Cotia","UPA ATALAIA DRA RITA DE CASSIA SORIO","ATALAIA","326","ESTRADA DO MORRO GRANDE","1146164055","2016","6","MS","2"
"7434308","60055-000","CE","Fortaleza","UNIDADE PRONTO ATENDIMENTO CRISTO REDENTOR","JACARECANGA","S/N","AV PRESIDENTE CASTELO BRANCO","31952768","2016","6","MS","3"
"7164440","24943-195","RJ","Maricá","UPA MARICA 24H","INOA","S/N","RUA EUCLIDES DE PAULO DA SILVA","21-26367228","2016","6","SESSMS","3"
"4340","41610-640","BA","Salvador","UPA 24H DR HELIO MACHADO","ITAPUA","97","RUA DA CACIMBA","(71) 3611-7118","2016","6","SESSMS","3"
"2630036","","ES","Guarapari","SECRETARIA MUNICIPAL DE SAUDE","MUQUICABA","S/N","AVENIDA ADAMASTOR ANTONIO DA SILVA","(27)3361 4970","2016","6","MS","2"
"7964145","","BA","Teixeira de Freitas","UPA UNIDADE DE PRONTO ATENDIMENTO","JARDIM LIBERDADE","S/N","AVENIDA PRESIDENTE GETULIO VARGAS","","2016","6","MS","2"
"7035861","","SP","Barretos","UPA 24H ZAID ABRAO GERAIGE","IBIRAPUERA","1355","AVENIDA CONSELHEIRO ANTONIO PRADO","","2016","6","MS","2"
"7529368","","GO","Anápolis","UPA III DR ALAIR MAFRA ANAPOLIS GOIAS","VILA ESPERANCA","S/N","RUA 29 DE DEZEMBRO","62 39022165","2016","6","MS","3"
"9002359","","SP","Ibitinga","UNIDADE DE PRONTO ATENDIMENTO DE IBITINGA","SAO JOAO","1779","AVENIDA DOM PEDRO II","33418359","2016","6","MS","1"
"7445032","","RS","Lajeado","UNIDADE DE PRONTO ATENDIMENTO DE LAJEADO UPA 24H","MOINHOS DAGUA","3480","ROD ERS 413","(51) 3982-1473","2016","6","MS","2"
"7471777","","SP","Americana","UPA SAO JOSE","JD SAO JOSE","2310","AV DE CILLO","19 34612517","2016","6","MS","1"
"6082378","","SC","Palhoça","SECRETARIA MUNICIPAL DE SAUDE PALHOCA","PAGANI","289","AV ILZE TEREZINHA PAGANI","48 30475564","2016","6","MS","1"
"7586361","","BA","Feira de Santana","UPA DA MANGABEIRA JAIRO DE JESUS SANTOS","MANGABEIRA","12","LOTEAMENTO JARDIM DOS NAMORADOS","7536038532","2016","6","MS","1"
"7561792","","PB","João Pessoa","UNIDADE DE PRONTO ATENDIMENTO CELIO PIRES DE SA","VALENTINA","1","RUA ESTEVAM LOPES GALVAO","3237-7880","2016","6","MS","2"
"7569793","","CE","Itapipoca","UPA PORTE II","FAZENDINHA","S/N","AV ESAU ALVES","","2016","6","MS","2"
"7466412","","SP","Valinhos","UNIDADE DE PRONTO ATENDIMENTO UPA 24 HORAS","LENHEIRO","550","AV GESSY LEVER","","2016","6","MS","2"
"7407203","","PE","Timbaúba","UPA 24 HORAS TIMBAUBA PE","ARARUNA","S/N","BR 408 KM 29","","2016","6","MS","1"
"7501366","","CE","Juazeiro do Norte","UNIDADE DE PRONTO ATENDIMENTO UPA LIMOEIRO","LIMOEIRO","S/N","CAPITAO DOMINGOS","88 21562188","2016","6","MS","3"
"2738864","","PR","Cascavel","UPA VENEZA","JARDIM VENEZA","1460","RUA CAFE FILHO","(45) 3392-6200","2016","6","MS","2"
"7449135","","RJ","Magé","SES RJ UPA 24H MAGE","PIABETA","S/N","RUA A","","2016","6","SESSMS","3"
"7507631","","MG","Itabirito","ITABIRITO UPA CELSO MATOS SILVA","SANTA EFIGENIA","S/N","RODOVIA DOS INCONFIDENTES KM 55 BR 356","","2016","6","MS","1"
"7595905","","RJ","Nova Iguaçu","UPA 24H MUNICIPAL DE COMENDADOR SOARES","COMENDADOR SOARES","221","RUA DOS QUARTEIS","","2016","6","MS","3"
"7636822","42800-100","BA","Camaçari","UPA 24HS GLEBA A GRAVATA","GLEBA A","S/N","AVENIDA DO CANAL","71 30408304","2016","6","MS","2"
"7396732","62750-000","CE","Aracoiaba","UNIDADE DE PRONTO ATENDIMENTO UPA 24HS ARACOIABA","CENTRO","S/N","AV DA INDEPENDENCIA","85 33375517","2016","6","MS","1"
"7892985","","SP","Marília","UNIDADE DE PRONTO ATENDIMENTO UPA REGIAO NORTE","PARQUE DAS NACOES","110","RUA JOAO CALIMAN","14-33162236","2016","6","MS","3"
"7993218","","CE","Fortaleza","UPA UNIDADE DE PRONTO ATENDIMENTO BOM JARDIM","BOM JARDIM","S/N","RUA SARGENTO JOAO PINHEIRO","992289808","2016","6","MS","3"
"7429991","06765-290","SP","Taboão da Serra","UPA DR AKIRA TADA","JARDIM HENRIQUETA","2400","ESTRADA SAO FRANCISCO","47873020 / 47018153","2016","6","MS","3"
"7648227","","RS","Alegrete","UPA UNIDADE DE PRONTO ATENDIMENTO ALEGRETE","CANUDOS","S/N","MESTRE CACAIO","","2016","6","MS","1"
"7744293","","MA","Barra do Corda","UPA 24H MARIA ROSA NEPOMUCENO","TREZIDELA","S/N","BR 226","9936435269","2016","6","MS","2"
"6696481","","PR","Realeza","PRONTO ATENDIMENTO NOSSA SENHORA APARECIDA","CENTRO","2682","RUA ROMANO ZANCHET","","2016","6","MS","1"
"27618","","MG","Belo Horizonte","UNIDADE DE PRONTO ATENDIMENTO LESTE","VERA CRUZ","7260","AVENIDA DOS ANDRADAS","32771101","2016","6","MS","3"
"7299729","","TO","Porto Nacional","UPA UNIDADE DE PRONTO ATENDIMENTO DE PORTO NACIONAL","NOVA CAPITAL","S/N","RUA MARIA ANGELICA DA SILVA PRADO","","2016","6","MS","1"
"7892667","","PI","Oeiras","UNIDADE DE PRONTO ATENDIMENTO UPA 24 H OEIRAS","OEIRAS NOVA","657","AVENIDA TOTONIO FREITAS","89-3462-3969","2016","6","MS","2"
"7883668","","GO","Luziânia","UNIDADE DE PRONTO ATENDIMENTO DE LUZIANIA UPA","PARQUE ESTRELA DALVA","S/N","AVENIDA JOSE DO PATROCINIO","","2016","6","MS","2"
"7417659","35164-500","MG","Ipatinga","UPA JOSE ISABEL DE NASCIMENTO","CANAA","820","AVENIDA GERASA","3138286850","2016","6","MS","3"
"23051","","MG","Belo Horizonte","UNIDADE DE PRONTO ATENDIMENTO NORDESTE","SAO PAULO","560","RUA JOAQUIM GOUVEIA","32467501","2016","6","MS","3"
"7637802","","PB","Princesa Isabel","UPA UNIDADE DE PRONTO ATENDIMENTO PRICESA ISABEL","MAIA","S/N","RUA ALFREDO CARLOS DA COSTA","83-33457227","2016","6","MS","1"
"7980310","","CE","Fortaleza","UNIDADE DE PRONTO ATENDIMENTO VILA VELHA","VILA VELHA","S/N","RUA L","32842211","2016","6","MS","3"
"7549156","","PR","Ponta Grossa","UNIDADE DE PRONTO ATENDIMENTO UPA SANTA PAULA","SANTA PAULA","S/N","RUA NICOLAU KLUPPEL NETO","42-32363339","2016","6","MS","2"
"2825260","13710-817","SP","Sumaré","UNIDADE DE PRONTO ATENDIMENTO MACARENKO UPA 24H","JARDIM MACARENKO","380","RUA VINICIUS DE MORAES","19 33996100","2016","6","SESSMS","3"
"7458606","","AM","Manaus","UPA 24HS CAMPOS SALES","TARUMA","649","DONA OTILIA","92 36436300","2016","6","MS","3"
"7434472","","CE","Quixadá","UNIDADE DE PRONTO ATENDIMENTO 24H DR ANTONIO MAGALHAES UPA","PLANALTO RENASCER","S/N","RUA DOS VOLUNTARIOS","","2016","6","MS","1"
"7428383","","CE","Canindé","UPA IRMA JUDITE DINIZ","SANTA LUZIA","1496","RUA PEDRO MOREIRA","","2016","6","MS","1"
"7684371","","SP","São Carlos","UNIDADE PRONTO ATENDIMENTO MARIA DORIS DE CAMPOS P LOPES","JARDIM ACAPULCO","S/N","AV JOAO NAVARRO SIQUEROLI","16 3375-6003","2016","6","MS","1"
"7641117","","AL","Delmiro Gouveia","UPA DE DELMIRO GOUVEIA","NOVO","S/N","AV ANTONIO JOSE DA COSTA","8236412414","2016","6","MS","2"
"7709196","","AP","Macapá","SES AP UNIDADE DE PRONTO ATENDIMENTO TIPO I UPA ZONA NORTE","NOVO HORIZONTE","S/N","AVENIDA FRANCISCO ALVES CORREA","","2016","6","MS","1"
"7525427","","MG","Patos de Minas","UNIDADE DE PRONTO ATENDIMENTO UPA 24H","JARDIM PELUZZO","288","RUA PELUZO","34 3822-9641","2016","6","MS","3"
"7885199","","RN","Parnamirim","UPA MARIA NAZARE","NOVA ESPERANCA","S/N","AVENIDA ROSA FERNANDES","","2016","6","MS","2"
"7550049","","SP","São José dos Campos","UPA PUTIM","PUTIM","1035","AVENIDA JOAO RODOLFO CASTELLI","012 39291019","2016","6","MS","3"
"7759967","","PR","Pato Branco","UPA 24 HORAS MARIA ITALIA FREDDO","CRISTO REI","221","RUA MARECHAL DEODORO","46 32131728","2016","6","MS","2"
"7396805","","CE","São Gonçalo do Amarante","UNIDADE DE PRONTO ATENDIMENTO DE SAO GONCALO DO AMARANTE","PECEM","S/N","RUA DO CAJUEIRO","(85)3315-1111","2016","6","MS","2"
"7530684","","AC","Rio Branco","UPA DA SOBRAL FRANCO SILVA","SOBRAL","S/N","ESTRADA DA SOBRAL","68 3224-4835","2016","6","MS","3"
"7389272","","CE","Ubajara","UNIDADE DE PRONTO ATENDIMENTO DE SAO BENEDITO","CORRENTE","S/N","AVENIDA TABAJARA","","2016","6","MS","1"
"2755289","","TO","Palmas","UNIDADE DE PRONTO ATENDIMENTO NORTE","PLANO DIRETOR NORTE","S/N","203 NORTE ALAMEDA LO 06 APM 02","(63) 32185110","2016","6","MS","2"
"7897162","","RS","Tramandaí","UNIDADE DE PRONTO ATENDIMENTO TRAMANDAI","SAO FRANCISCO II","4400","AVENIDA FLORES DA CUNHA","51 36844543","2016","6","MS","2"
"7894015","","BA","Salvador","UPA 24H PARQUE SAO CRISTOVAO","PARQUE SAO CRISTOVAO","S/N","RUA MARCOS MOREIRA SOLTER","39010080/81","2016","6","MS","3"
"7706766","","SP","São José do Rio Preto","UPA TANGARA ESTORIL","SAO FRANCISCO","381","PRESIDENTE GETULIO VARGAS","17-32224184","2016","6","MS","1"
"7404700","","RJ","São Pedro da Aldeia","SES RJ UPA 24 H SAO PEDRO DA ALDEIA","SAO PEDRO DA ALEDIA","S/N","RODOVIA AMARAL PEIXOTO KM 107","22.2621.12.55","2016","6","MS","2"
"7429398","60055-090","CE","Fortaleza","UNIDADE PRONTO ATENDIMENTO JANGURUSSU","JANGURUSSU","S/N","AV CONTORNO SUL","32952768","2016","6","MS","3"
"7465157","","DF","Brasília","UNIDADE DE PRONTO ATENDIMENTO CEILANDIA","CEILANDIA","1","QNN 27 AREA ESPECIAL D","34719000","2016","6","SESSMS","3"
"7138776","","GO","Goianésia","UNIDADE DE PRONTO ATENDIMENTO UPA","DONA FIICA","S/N","RUA 19","","2016","6","MS","1"
"7665199","","MS","Corumbá","UNIDADE DE PRONTO ATENDIMENTO DR JOSE ABILIO M DE BARROS","GUATOS","S/N","LUIZ FEITOSA RODRIGUES","","2016","6","MS","1"
"7467206","","SP","Registro","UNIDADE DE PRONTO ATENDIMENTO UPA","JARDIM SAO NICOLAU","605","RUA NELSON BRIHI BADUR","13 38213155","2016","6","MS","1"
"7340885","15809-007","SP","Catanduva","UPA UNIDADE DE PRONTO ATENDIMENTO DR ATILIO C CYPRIANO","PARQUE IRACEMA","1500","AVENIDA THEODORO ROSA FILHO","1735319540","2016","6","MS","2"
"7396368","","CE","Tauá","UPA DRA LEILA MARIA ALEXANDRINO CIDRAO FEITOSA","NOVA ALDEOTA","494","AV CHERMONN ALVES DE OLIVEIRA","(88)34372016","2016","6","MS","1"
"7625987","25070-260","RJ","Duque de Caxias","UPA PARQUE BEIRA MAR","VILA SAO LUIS","3200","ROD WASHINGTON LUIS","","2016","6","MS","3"
"5053293","","SP","Araras","UPA ELISA S FRANCHOZZA ARARAS","JOSE OMETTO II","400","AVENIDA IRINEU CARROCCI","35435112","2016","6","MS","2"
"7923287","","RN","Natal","UPA 24H POTENGI","POTENGI","S/N","AVENIDA SENHOR DO BOMFIM","8432324450","2016","6","MS","2"
"6030807","6145245","SP","Osasco","UPA JOSE SANTOS SASSO","JARDIM CONCEICAO","385","RUA PERNAMBUCANA","(11) 35918062","2016","6","MS","3"
"7463030","","SP","Bragança Paulista","UPA UNIDADE DE PRONTO ATENDIMENTO 24H VILA DAVI","VILA DAVID","S/N","RUA SEBASTIAO CICERO FRANCO","11-40316223","2016","6","MS","3"
"7792115","","SP","Sertãozinho","UPA DR PEDRO T F REIS SERTAOZINHO","JARDIM GRANDE ALIANC","120","RUA PEDRO CARLETO NETO","16 3947-1590","2016","6","MS","2"
"7777825","74944-340","GO","Aparecida de Goiânia","UPA AMBROSINA COIMBRA BUENO","BURITI SERENO","S/N","RUA BARAO DE MESQUITA","06235370147","2016","6","MS","3"
"7868499","","SP","Embu das Artes","UNIDADE DE PRONTO ATENDIMENTO DRA ZILDA ARNS","JD DOM JOSE","66","RUA POCOS DE CALDAS","4149-5995 / 4704-274","2016","6","MS","3"
"7530005","","PA","Santarém","UNIDADE DE PRONTO ATENDIMENTO UPA 24 HORAS","SAO JOSE OPERARIO","S/N","AV CURUA UNA","","2016","6","MS","3"
"3936082","15130000","SP","Mirassol","UPA UNIDADE DE PRONTO ATENDIMENTO","JARDIM MARILU","2520","AV ELIEZER MAGALHAES","17-32533285","2016","6","MS","1"
"7317719","","PR","Arapongas","UPA UNIDADE DE PRONTO ATENDIMENTO","JARDIM CARAVELLE","S/N","TICO TICO REI","43 39021238","2016","6","MS","2"
"7890389","","CE","Jijoca de Jericoacoara","UPA DE JERICOACOARA","RURAL","S/N","RUA DOS COQUEIROS","","2016","6","MS","1"
"7548311","","MG","Poços de Caldas","UPA POCOS DE CALDAS","JOSE CARLOS","0","RUA BANDEIRA DO SUL","3536975398","2016","6","MS","3"
"7455038","35044-150","MG","Governador Valadares","UPA 24 HORAS","VILA ISA","1681","RUA RANULFO ALVARES","33 21016151","2016","6","MS","3"
"7498233","","MG","Sete Lagoas","UPA DR JUVENAL PAIVA","VAPABUCU","1700","RUA DOUTOR CLAUDIONOR DE CASTRO BAHIA","31 37748140","2016","6","MS","3"
"7460953","","CE","Iguatu","UNIDADE DE PRONTO ATENDIMENTO DE IGUATU UPA","PARANA","S/N","RUA 25 DE MARCO","35813107","2016","6","MS","1"
"7433530","","MS","Três Lagoas","UPA UNIDADE DE PRONTO ATENDIMENTO 24H","PARQUE SAO CARLOS","1855","RUA IRMAOS SPINELLI","67 3929-1254","2016","6","MS","2"
"7907222","","BA","Guanambi","UPA 24 HORAS","SAO FRANCISCO","S/N","RUA EDGAR TEIXEIRA","","2016","6","MS","1"
"7543913","","MG","Campo Belo","UNIDADE DE PRONTO ATENDIMENTO UPA","CIDADE MONTESA","105","AVENIDA PREFEITO WANDERLEY LUIS MAIA","(35)38327114","2016","6","MS","2"
"7802951","38840000","MG","Carmo do Paranaíba","UPA ADOLPHO PEREIRA DE REZENDE","PARANAIBA","243","AVENIDA TANCREDO NEVES","34-3851-1742","2016","6","MS","1"
"3708616","","SP","São José dos Campos","UPA NOVO HORIZONTE","PQ NOVO HORIZONTE","5120","AVENIDA TANCREDO NEVES","12 39071555","2016","6","MS","3"
"7117086","","PA","Paragominas","UPA PARAGOMINAS SOLANGE MARIA DO NASCIMENTO MELO","URAIM II","001","RUA MENESTRITE","9137298058","2016","6","MS","2"
"7319428","98801-500","SC","Chapecó","UNIDADE DE PRONTO ATENDIMENTO UPA 24H","PRESIDENTE MEDICE","S/N","RUA SETE DE SETEMBRO","(49)2049-9024","2016","6","MS","2"
"7321880","","RJ","Barra Mansa","UNIDADE DE PRONTO ATENDIMENTO EM BARRA MANSA RJ UPA","BOA VISTA I","123","ANTONIO VINTURELLI NETTO","02433409813","2016","6","MS","2"
"7494068","","SP","Itaquaquecetuba","UPA SADAKO SEDOGUTI","RESIDENCIAL FLAMBOYA","453","RUA DOS CAJUEIROS","(11)4647-0212","2016","6","MS","2"
"7792522","","SP","Sorocaba","UPA EDEN SOROCABA","JD PORTO BELLO","75","RUA MIGUEL JOSE GIMENES","15 3333-2166","2016","6","MS","2"
"7697422","14716038","SP","Bebedouro","UPA DR MANOEL JOAQUIM DOS REIS","JARDIM JULIA","00","RUA LUIZ BRUNELLI","(17) 3344-8100","2016","6","SESSMS","2"
"7616902","","PR","Ibiporã","UNIDADE DE PRONTO ATENDIMENTO DR JUSTINO ALVES PEREIRA","JD MORADA DO SOL","1245","AV SOUZA NAVES","43 3178 0348","2016","6","MS","1"
"7821379","","GO","Goiânia","UPA MARIA PIRES PERILLO","JARDIM CURITIBA I","S/N","RUA JC 22 COM JC 27 E JC 27 A","62 - 35243461","2016","6","MS","3"
"3708608","12247-190","SP","São José dos Campos","UPA EUGENIO DE MELO","EUGENIO DE MELO","101","RUA CORONEL EUGENIO AUGUSTO DE MELO","12 39052152","2016","6","SESSMS","1"
"7904584","","SP","Taubaté","UPA SAN MARINO TAUBATE","AGUA QUENTE","S/N","RUA ONZE","12 3608-6788","2016","6","MS","3"
"2024829","","SP","Jaboticabal","UNIDADE DE PRONTO ATENDIMENTO DR AVELINO G MARTINS NETO","CENTRO","750","AVENIDA SETE DE SETEMBRO","(16)32023610","2016","6","MS","1"
"7471645","","AL","Coruripe","UPA TIPO 3 NOVA 24 HORAS","ZEQUINHA AZEVEDO","152","RUA EDGAR CASSIANO DOS SANTOS","","2016","6","SESSMS","3"
"6712169","83025-010","PR","São José dos Pinhais","UPA RUI BARBOSA","COLONIA RIO GRANDE","10471","AVENIDA RUI BARBOSA","(41) 3398 - 2710","2016","6","SESSMS","1"
"7746180","","SP","Franca","UPA DR NEWTON NOVATO","AEROPORTO I","600","R CYRO EDUARDO ROSA FALEIROS","1637216807","2016","6","MS","3"
"7652038","","RS","Cruz Alta","UNIDADE DE PRONTO ATENDIMENTO MUNICIPAL 24 HS UPA","CENTRO","1781","VENANCIO AIRES","55 33227777","2016","6","MS","1"
"7933401","","MG","Santo Antônio do Monte","UPA UNIDADE DE PRONTO ATENDIMENTO DE SANTO ANTONIO DO MONTE","MAE CHIQUINHA","355","RUA PADRE PAULO","37-3281-7306","2016","6","MS","1"
"7546696","","SP","Cubatão","UPA DR MARIO RUIVO DE CUBATAO","PQ SAO LUIZ","222","AV JOEL GONCALVES DE OLIVEIRA","13-3361.6388","2016","6","MS","1"
"7410042","","CE","Crateús","UPA DR OLAVO CAVALCANTE CARDOSO","CIDADE NOVA","S/N","RUA JOELSON SILVA BARROS","88-36910515","2016","6","MS","1"
"5625416","","SP","Lençóis Paulista","UNIDADE DE PRONTO ATENDIMENTO DE LENCOIS PAULISTA","CENTRO","600","RUA SETE DE SETEMBRO","(14) 3264 8668","2016","6","MS","1"
"7914067","","PR","Telêmaco Borba","UNIDADE DE PRONTO ATENDIMENTO","ALTO DAS OLIVEIRAS","2071","AVENIDA MARECHAL FLORIANO PEIXOTO","","2016","6","MS","1"
"7429568","15900-000","SP","Taquaritinga","UPA 24 HORAS","CENTRO","2100","AV VICENTE JOSE PARISE","","2016","6","MS","1"
"2706245","","SP","Franco da Rocha","UNIDADE DE PRONTO ATENDIMENTO DE FRANCO DA ROCHA UPA II","CENTRO","S/N","NELSON RODRIGUES","(11)4819-6011","2016","6","SESSMS","1"
"7459750","","AM","Tabatinga","UPA 24HS TABATINGA","VILA PARAISO","S/N","RUA CORONEL BERG","","2016","6","SESSMS","1"
"7911238","","AL","Maceió","UPA TRAPICHE DA BARRA","PONTA GROSSA","S/N","RUA CABO REIS","3022 0033","2016","6","MS","3"
"7818858","","MG","Contagem","UNIDADE PRONTO ATENDIMENTO CONTAGEM","ELDORADO","780","AVENIDA JOAO CESAR DE OLIVEIRA","(31) 31988700","2016","6","MS","3"
"7592191","","BA","Poções","UPA 24H VILOBALDO MACEDO","INDAIA","590","RUA SANTO ANTONIO","7734315812 998043962","2016","6","MS","1"
"7363559","96413-010","RS","Bagé","UPA PADRE HONORINO JOAO MURARO","GETULIO VARGAS","69","RUA FELIX CONTREIRAS RODRIGUES","(53)32475733","2016","6","MS","2"
"7898355","","PA","Altamira","UPA 24 DE ALTAMIRA","JARDIM UIRAPURU","458","RUA IRAPURU","","2016","6","MS","2"
"7924801","","GO","Cristalina","UPA 24 H WASFI JOSE DAHER","SETOR NORTE","S/N","RUA OTAVIANO DE PAIVA","(61) 3612.1010","2016","6","MS","1"
"7514948","60055-000","CE","Fortaleza","UNIDADE PRONTO ATENDIMENTO ITAPERI","ITAPERI","S/N","RUA BETEL","32952768","2016","6","MS","3"
"7894015","","BA","Salvador","UPA 24H PARQUE SAO CRISTOVAO","PARQUE SAO CRISTOVAO","S/N","RUA MARCOS MOREIRA SOLTER","39010080/81","2016","6","MS","3"
"7550901","","RS","Santa Rosa","UPA 24 HORAS SANTA ROSA","CENTRO","1011","RUA CAXIAS","","2016","6","MS","2"
"7924798","","MS","Campo Grande","UPA JOEL RODRIGUES DA ROCHA VILA MORENINHA III","MORENINHA III","25","AVENIDA ARATICUM","67-33149029/33149028","2016","6","MS","3"
"7313233","68448-000","PA","Breu Branco","UNIDADE DE PRONTO ATENDIMENTO MANOEL FRANCISCO DE AGUIAR","CENTRO","S/N","AV BELEM","94737860788","2016","6","MS","1"
"7535643","83824-141","PR","Fazenda Rio Grande","UPA UNIDADE PRONTO ATENDIMENTO DE FAZENDA RIO GRANDE","SANTA TEREZINHA","515","RUA RIO TEJO","","2016","6","MS","2"
"7685246","86066000","PR","Londrina","UPA CENTRO OESTE MARIA ANGELICA CASTOLDO","JARDIM DO SOL","4000","RUA ABELIO BENATTI","","2016","6","MS","3"
"7977123","","GO","Catalão","UPA CATALAO","SETOR UNIVERSITARIO","1800","AV DOUTOR LAMARTINE PINTO DE AVELAR","6434112304","2016","6","MS","1"
"7841701","","SP","Mogi das Cruzes","UPA I RODEIO","RODEIO","329","AVENIDA PEDRO ROMERO","47987411","2016","6","MS","1"
"7922000","","BA","Dias d'Ávila","UPA LUCAS EVANGELISTA","LESSA RIBEIRO","S/N","RUA BAHIA","71 36483649","2016","6","MS","1"
"7152574","06273-050","SP","Osasco","UPA JOSE CAMPOS BARRETO ZEQUINHA BARRETO","VILA MENCK","822","RUA DR ALBERT JACKSON BYNGTON","36831725 - 3683-1847","2016","6","MS","3"
"7533934","","MG","Igarapé","IGARAPE UPA PREFEITO OSVALDO CANDIDO DE QUEIROZ","MARECHAL RONDON","690","RUA SANTOS DUMONT","31 - 3534-1648","2016","6","MS","1"
"7592477","","DF","Brasília","UPA SOBRADINHO","SOBRADINHO II","1","DF 420 KM2 COMPLEXO DE SAUDE","","2016","6","SESSMS","3"
"7879679","","RS","Viamão","UPA 24 HORAS VIAMAO","CECILIA","2055","AVENIDA SENADOR SALGADO FILHO","","2016","6","MS","3"
"7499914","","RS","Venâncio Aires","UPA 24 HORAS VENANCIO AIRES","CRUZEIRO","2500","VOLUNTARIOS DA PATRIA","5137932100","2016","6","MS","1"
"7770723","","RS","Bento Gonçalves","UNIDADE DE PRONTO ATENDIMENTO 24 HORAS UPA","BOTAFOGO","165","RUA ALBERTO PASQUALINI","54 30557303","2016","6","MS","3"
"2383462","72860016","GO","Novo Gama","AMBULATORIO 24 HORAS NOVO GAMA","NOVO GAMA","1000","AVENIDA CENTRAL","(61)6281123","2016","6","SESSMS","1"
"9296","12212-500","SP","São José dos Campos","UPA 24 HORAS ALTO DA PONTE","ALTO DA PONTE","76","RUA ALZIRO LEBRAO","12 35193700","2016","6","SESSMS","2"
"7823169","64082110","PI","Teresina","UNIDADE DE PRONTO ATENDIMENTO 24 HORAS UPA RENASCENCA","RENASCENCA III","S/N","AV NOE MENDE","8632347074","2016","6","MS","3"
"7596871","41180900","BA","Salvador","UPA DO CABULA","SABOEIRO","S/N","ESTRADA SABOEIRO","(71)33874745","2016","6","SESSMS","3"
"7443382","","BA","Simões Filho","UPA SIMOES FILHO","CIA I","S/N","AVENIDA ELMO SEREJO DE FARIAS","","2016","6","MS","2"
"2063603","","SP","Indaiatuba","UPA JAD MORADA DO SOL INDAIATUBA","JAD MORADA DO SOL","6020","AVENIDA ENGENHEIRO FABIO ROBERTO BARNABE","(19)38354900","2016","6","MS","2"
"7626916","","PB","Piancó","UPA UNIDADE DE PRONTO ATENDIMENTO 24 HORAS","PIANCOZINHO","S/N","RUA PROJETADA","","2016","6","MS","2"
"7409354","15775-000","SP","Santa Fé do Sul","UPA DR JOSE ROBERTO LOPES FERRAZ","CENTRO","800","RUA UM","17- 36311015","2016","6","MS","1"
"7521316","","BA","Salvador","UPA 24H SAN MARTIN","SAN MARTIN","S/N","RUA DO FORNO","32562271/999400451","2016","6","MS","3"
"7428707","","SP","Hortolândia","UPA JD ROSOLEM JOSE PEREIRA DE AMORIM","JD ROSOLEM","395","RUA ORLANDO PAVAN","19-38456104","2016","6","MS","1"
"7640307","19.813-178","SP","Assis","UPA RUY SILVA","JD AEROPORTO","670","RUA OSMAR LUCHINI","(18)33225619","2016","6","MS","2"
"7590687","","SP","São Pedro","UPA JOSE FERNANDO DA SILVA SAO PEDRO","CENTRO","162","RUA MALAQUIAS GUERRA","34819270","2016","6","MS","1"
"7321775","","PB","Cajazeiras","UNIDADE DE PRONTO ATENDIMENTO DRA VALERIA MACAMBIRA GUEDES","COCODE","01","RUA DR JOSE MOREIRA","8335313607","2016","6","MS","1"
"7546777","","MS","Dourados","UNIDADE DE PRONTO ATENDIMENTO DR AFRANIO MARTINS","TERRA ROXA","3675","RUA FREI ANTONIO","67 84685029","2016","6","MS","3"
"6851304","","MA","São Luís","UPA VINHAIS","VINHAIS","S/N","AVENIDA 02","(98) 2367535","2016","6","SESSMS","3"
"2087693","","SP","Hortolândia","UPA JD AMANDA PASTOR ENEAS DE CASTRO GAMA","JD AMANDA","1066","RUA WASHINGTOM LUIS","(19)38974485","2016","6","MS","1"
"7953917","","RS","São Leopoldo","UPA ZONA NORTE","SCHARLAU","374","RUA LEOPOLDO SCHERER","","2016","6","MS","3"
"7936850","","RS","Sapiranga","UPA 24 HORAS SAPIRANGA","CENTENARIO","71","RUA JOSE DE ALENCAR","51-39591058","2016","6","MS","1"
"7638698","04377-036","SP","São Paulo","UPA VILA SANTA CATARINA","JARDIM MIRA","529","RUA CIDADE DE BAGDA","11 5671 9200","2016","6","SESSMS","3"
"7134665","","SP","Hortolândia","UPA NOVA HORTOLANDIA MANOEL GEORGINO LOPES","JD NOVA HORTOLANDIA","185","RUA JOSE MARTIM DOS ANJOS","(19)38654774","2016","6","SESSMS","1"
"7474423","","PA","Castanhal","UPA PORTE III CASTANHAL GOVERNADOR ALMIR GABRIEL","CRISTO REDENTOR","S/N","BR 316","91-889 9843","2016","6","MS","3"
"7427549","25210-000","RJ","Duque de Caxias","UPA INFANTIL WALTER GARCIA","CENTRO","S/N","RUA GENERAL ARGOLO","","2016","6","MS","3"
"7633149","","BA","Salvador","UPA 24H VALE DOS BARRIS","BARRIS","S/N","PRACA JOAO MANGABEIRA ROTULA AV VALE DOS BARRIS","(71) 3277-5489/5486","2016","6","MS","3"
"7540868","","AC","Rio Branco","UPA DA CIDADE DO POVO DR EDILBERTO PARIGOT DE SOUZA FILHO","CIDADE DO POVO","1595","RUA AFIF ARAO","68 3215 4210","2016","6","MS","1"
"3606961","12239-290","SP","São José dos Campos","UPA CAMPO DOS ALEMAES","CAMPO DOS ALEMAES","359","RUA JOAO BATISTA DO NASCIMENTO","12 39661108/39662357","2016","6","SESSMS","2"
"7469144","","MG","Divinópolis","UPA 24 HORAS PADRE ROBERTO CORDEIRO MARTINS","PONTE FUNDA","241","RUA NILO MACIEL","37-32213662","2016","6","MS","3"
"7476469","","BA","Salvador","UPA 24H VALERIA","VALERIA","S/N","RUA DO LAVRADOR","(71) 3500-2600/02/04","2016","6","MS","3"
"7463227","","PR","Guarapuava","UPA 24H BATEL","BATEL","1701","RUA BARAO DO CAPANEMA","42 36239719","2016","6","MS","1"
"2164175","","MG","Santa Luzia","UNIDADE DE PRONTO ATENDIMENTO DE SAO BENEDITO","SAO BENEDITO","1052","RUA SENHOR DO BONFIM","(31)36371992","2016","6","MS","2"
"7399626","","CE","Russas","UNIDADE DE PRONTO ATENDIMENTO DE RUSSAS","PLANALTO","S/N","RUA PROJETADA","34116333","2016","6","MS","1"
"7541228","","PR","Guaíra","UNIDADE DE PRONTO ATENDIMENTO UPA","CENTRO","1070","RUA OSVALDO CRUZ FUNDO DO VALE","4436429550","2016","6","MS","1"
"7790767","85601000","PR","Francisco Beltrão","UPA 24 HORAS","LUTHER KING","1510","RODOVIA PERIMETRAL NORTE PR 180","3520-2301","2016","6","MS","2"
"7958250","","SP","Presidente Prudente","UPA 24 HORAS ANA JACINTA VER JOSE CARLOS ROBERTO CAFE","CONJUNTO HAB ANA JA","510","AVENIDA JOSE ZERIAL","(18) 3909-4985","2016","6","MS","2"
"7636970","","MG","Uberlândia","UPA SUL","PARQUE DAS LARANJEIR","200","RUA WILSON CUNHA","34 32272264","2016","6","SESSMS","2"
"5863996","","PE","Surubim","POLICLINICA MUNICIPAL DE SURUBIM","COQUEIRO","S/N","AVENIDA MARILDA ARRUDA GUERRA","","2016","6","MS","1"
"7408765","","RN","Natal","UPA 24H ESPERANCA","CIDADE DA ESPERANCA","S/N","AVENIDA PARAIBA","32322378","2016","6","MS","3"
"7345259","54340-605","PE","Jaboatão dos Guararapes","UPA EDUARDO CAMPOS","SOTAVE","31","RUA MARACANA","","2016","6","SESSMS","1"
"7267096","72874-218","GO","Valparaíso de Goiás","UPA D ZILDA ARNS","PARQUE MARAJO","05","PRACA KATIA ENTREQUADRAS 25 26 PARQUE MARAJO","","2016","6","MS","2"
"7711077","11740-000","SP","Itanhaém","UNIDADE DE PRONTO ATENDIMENTO DE ITANHAEM","SABAUNA","S/N","RUA JOSE ERNESTO BECHELLI","1334271111","2016","6","MS","1"